Workbook

Sheet Read me
A1: Materials review — rename, keep, cut, missing
A2: Generated 2026-10-07 from the shipped catalog: 1554 materials, plus 125 new rows waiting to be added.
A4: HOW TO MARK IT — only the YELLOW columns are yours to type in.
A5: 1. Review tab: the Decision column is already filled in. Most rows need nothing from you. Change it only where you disagree.
A6: Keep proposed = take the new name shown. Keep = keep today's name. Rename = type your own name in 'Your name'.
A7: Cut = we stop shipping it. Add = a new row goes into the catalog. Your call = an open question decides it — pick one.
A8: 2. Missing tab: things the catalog lacks. 'Typical job' rows are pre-filled Add (change to Skip if not wanted); size gaps and starter parts are blank — mark Add or Skip. Add your own rows at the bottom.
A9: 3. Possible duplicates tab: pairs that look like one part under two names. Pick Same - keep A, Same - keep B, or Not the same.
A10: 'Same - keep A' cuts B; anything that used B (a starter assembly, a run type) is moved to A. Bids already priced keep what they have.
A11: 4. Questions tab: five naming questions, each with our recommendation. Answer each one.
A12: 5. Counts tab: totals as you mark, and the warnings that must be 0 before the names can freeze.
A14: WHAT A CUT DOES: the material disappears from every list and search. Bids that already use it keep it, unchanged. Nothing is deleted.
... A21: Not on this sheet: the 519 brand variants for panels and breakers — their own pass, after the names freeze.

Sheet Review
A1: # | B1: Category | C1: Type | D1: Current name | E1: Proposed name | F1: Why | G1: Used by | H1: Status | I1: Decision | J1: Your name | K1: Note | L1: Final name (follows your marks) | M1: Check | N1: Uses | O1: Question
A2: 1 | B2: Wire & Cable | C2: bare CU, solid | D2: #14 bare CU, solid | E2: #14 bare solid Copper | F2: wire rule: size/type, metal spelled out at the end | G2: — | H2: Shipped | I2: Keep proposed | L2: =IF(I2="Cut","",IF(I2="Your call","(decide)",IF(I2="Rename",J2,IF(I2="Keep",IF(D2="",E2,D2),IF(E2="(unchanged)",D2,E2))))) | M2: =IF(AND(I2="Cut",N2>0,K2=""),"USED: say what replaces it (Note)",IF(AND(I2="Rename",J2=""),"type the new name",IF(AND(L2<>"",L2<>"(decide)",COUNTIF($L$2:$L$1680,L2)>1),"SAME FINAL NAME AS ANOTHER ROW",""))) | N2: 0
A3: 2 | B3: Wire & Cable | C3: bare CU, solid | D3: #12 bare CU, solid | E3: #12 bare solid Copper | F3: wire rule: size/type, metal spelled out at the end | G3: 2 run types | H3: Shipped | I3: Keep proposed | L3: =IF(I3="Cut","",IF(I3="Your call","(decide)",IF(I3="Rename",J3,IF(I3="Keep",IF(D3="",E3,D3),IF(E3="(unchanged)",D3,E3))))) | M3: =IF(AND(I3="Cut",N3>0,K3=""),"USED: say what replaces it (Note)",IF(AND(I3="Rename",J3=""),"type the new name",IF(AND(L3<>"",L3<>"(decide)",COUNTIF($L$2:$L$1680,L3)>1),"SAME FINAL NAME AS ANOTHER ROW",""))) | N3: 2
A4: 3 | B4: Wire & Cable | C4: bare CU, solid | D4: #10 bare CU, solid | E4: #10 bare solid Copper | F4: wire rule: size/type, metal spelled out at the end | G4: — | H4: Shipped | I4: Keep proposed | L4: =IF(I4="Cut","",IF(I4="Your call","(decide)",IF(I4="Rename",J4,IF(I4="Keep",IF(D4="",E4,D4),IF(E4="(unchanged)",D4,E4))))) | M4: =IF(AND(I4="Cut",N4>0,K4=""),"USED: say what replaces it (Note)",IF(AND(I4="Rename",J4=""),"type the new name",IF(AND(L4<>"",L4<>"(decide)",COUNTIF($L$2:$L$1680,L4)>1),"SAME FINAL NAME AS ANOTHER ROW",""))) | N4: 0
A5: 4 | B5: Wire & Cable | C5: bare CU, solid | D5: #8 bare CU, solid | E5: #8 bare solid Copper | F5: wire rule: size/type, metal spelled out at the end | G5: 2 starters | H5: Shipped | I5: Keep proposed | L5: =IF(I5="Cut","",IF(I5="Your call","(decide)",IF(I5="Rename",J5,IF(I5="Keep",IF(D5="",E5,D5),IF(E5="(unchanged)",D5,E5))))) | M5: =IF(AND(I5="Cut",N5>0,K5=""),"USED: say what replaces it (Note)",IF(AND(I5="Rename",J5=""),"type the new name",IF(AND(L5<>"",L5<>"(decide)",COUNTIF($L$2:$L$1680,L5)>1),"SAME FINAL NAME AS ANOTHER ROW",""))) | N5: 2
A6: 5 | B6: Wire & Cable | C6: bare CU, stranded | D6: #10 bare CU, stranded | E6: #10 bare stranded Copper | F6: wire rule: size/type, metal spelled out at the end | G6: — | H6: Shipped | I6: Keep proposed | L6: =IF(I6="Cut","",IF(I6="Your call","(decide)",IF(I6="Rename",J6,IF(I6="Keep",IF(D6="",E6,D6),IF(E6="(unchanged)",D6,E6))))) | M6: =IF(AND(I6="Cut",N6>0,K6=""),"USED: say what replaces it (Note)",IF(AND(I6="Rename",J6=""),"type the new name",IF(AND(L6<>"",L6<>"(decide)",COUNTIF($L$2:$L$1680,L6)>1),"SAME FINAL NAME AS ANOTHER ROW",""))) | N6: 0
A7: 6 | B7: Wire & Cable | C7: bare CU, stranded | D7: #8 bare CU, stranded | E7: #8 bare stranded Copper | F7: wire rule: size/type, metal spelled out at the end | G7: — | H7: Shipped | I7: Keep proposed | L7: =IF(I7="Cut","",IF(I7="Your call","(decide)",IF(I7="Rename",J7,IF(I7="Keep",IF(D7="",E7,D7),IF(E7="(unchanged)",D7,E7))))) | M7: =IF(AND(I7="Cut",N7>0,K7=""),"USED: say what replaces it (Note)",IF(AND(I7="Rename",J7=""),"type the new name",IF(AND(L7<>"",L7<>"(decide)",COUNTIF($L$2:$L$1680,L7)>1),"SAME FINAL NAME AS ANOTHER ROW",""))) | N7: 0
A8: 7 | B8: Wire & Cable | C8: bare CU, stranded | D8: #6 bare CU, stranded | E8: #6 bare stranded Copper | F8: wire rule: size/type, metal spelled out at the end | G8: 2 starters | H8: Shipped | I8: Keep proposed | L8: =IF(I8="Cut","",IF(I8="Your call","(decide)",IF(I8="Rename",J8,IF(I8="Keep",IF(D8="",E8,D8),IF(E8="(unchanged)",D8,E8))))) | M8: =IF(AND(I8="Cut",N8>0,K8=""),"USED: say what replaces it (Note)",IF(AND(I8="Rename",J8=""),"type the new name",IF(AND(L8<>"",L8<>"(decide)",COUNTIF($L$2:$L$1680,L8)>1),"SAME FINAL NAME AS ANOTHER ROW",""))) | N8: 2
A9: 8 | B9: Wire & Cable | C9: bare CU, stranded | D9: #4 bare CU, stranded | E9: #4 bare stranded Copper | F9: wire rule: size/type, metal spelled out at the end | G9: 3 starters | H9: Shipped | I9: Keep proposed | L9: =IF(I9="Cut","",IF(I9="Your call","(decide)",IF(I9="Rename",J9,IF(I9="Keep",IF(D9="",E9,D9),IF(E9="(unchanged)",D9,E9))))) | M9: =IF(AND(I9="Cut",N9>0,K9=""),"USED: say what replaces it (Note)",IF(AND(I9="Rename",J9=""),"type the new name",IF(AND(L9<>"",L9<>"(decide)",COUNTIF($L$2:$L$1680,L9)>1),"SAME FINAL NAME AS ANOTHER ROW",""))) | N9: 3
A10: 9 | B10: Wire & Cable | C10: bare CU, stranded | D10: #2 bare CU, stranded | E10: #2 bare stranded Copper | F10: wire rule: size/type, metal spelled out at the end | G10: — | H10: Shipped | I10: Keep proposed | L10: =IF(I10="Cut","",IF(I10="Your call","(decide)",IF(I10="Rename",J10,IF(I10="Keep",IF(D10="",E10,D10),IF(E10="(unchanged)",D10,E10))))) | M10: =IF(AND(I10="Cut",N10>0,K10=""),"USED: say what replaces it (Note)",IF(AND(I10="Rename",J10=""),"type the new name",IF(AND(L10<>"",L10<>"(decide)",COUNTIF($L$2:$L$1680,L10)>1),"SAME FINAL NAME AS ANOTHER ROW",""))) | N10: 0
A11: 10 | B11: Wire & Cable | C11: bare CU, stranded | D11: #1/0 bare CU, stranded | E11: 1/0 bare stranded Copper | F11: wire rule: size/type, metal spelled out at the end; aughts without "#" | G11: — | H11: Shipped | I11: Keep proposed | L11: =IF(I11="Cut","",IF(I11="Your call","(decide)",IF(I11="Rename",J11,IF(I11="Keep",IF(D11="",E11,D11),IF(E11="(unchanged)",D11,E11))))) | M11: =IF(AND(I11="Cut",N11>0,K11=""),"USED: say what replaces it (Note)",IF(AND(I11="Rename",J11=""),"type the new name",IF(AND(L11<>"",L11<>"(decide)",COUNTIF($L$2:$L$1680,L11)>1),"SAME FINAL NAME AS ANOTHER ROW",""))) | N11: 0
A12: 11 | B12: Wire & Cable | C12: bare CU, stranded | D12: #2/0 bare CU, stranded | E12: 2/0 bare stranded Copper | F12: wire rule: size/type, metal spelled out at the end; aughts without "#" | G12: — | H12: Shipped | I12: Keep proposed | L12: =IF(I12="Cut","",IF(I12="Your call","(decide)",IF(I12="Rename",J12,IF(I12="Keep",IF(D12="",E12,D12),IF(E12="(unchanged)",D12,E12))))) | M12: =IF(AND(I12="Cut",N12>0,K12=""),"USED: say what replaces it (Note)",IF(AND(I12="Rename",J12=""),"type the new name",IF(AND(L12<>"",L12<>"(decide)",COUNTIF($L$2:$L$1680,L12)>1),"SAME FINAL NAME AS ANOTHER ROW",""))) | N12: 0
A13: 12 | B13: Wire & Cable | C13: fire alarm cable | D13: 16-2 fire alarm cable | E13: 16/2 fire alarm cable Copper | F13: wire rule: size/type, metal spelled out at the end | G13: — | H13: Shipped | I13: Keep proposed | L13: =IF(I13="Cut","",IF(I13="Your call","(decide)",IF(I13="Rename",J13,IF(I13="Keep",IF(D13="",E13,D13),IF(E13="(unchanged)",D13,E13))))) | M13: =IF(AND(I13="Cut",N13>0,K13=""),"USED: say what replaces it (Note)",IF(AND(I13="Rename",J13=""),"type the new name",IF(AND(L13<>"",L13<>"(decide)",COUNTIF($L$2:$L$1680,L13)>1),"SAME FINAL NAME AS ANOTHER ROW",""))) | N13: 0
... A109: 108 | B109: Wire & Cable | C109: XHHW AL | D109: 500 kcmil XHHW AL | E109: 500 kcmil XHHW Aluminum | F109: wire rule: size/type, metal spelled out at the end | G109: — | H109: Shipped | I109: Keep proposed | L109: =IF(I109="Cut","",IF(I109="Your call","(decide)",IF(I109="Rename",J109,IF(I109="Keep",IF(D109="",E109,D109),IF(E109="(unchanged)",D109,E109))))) | M109: =IF(AND(I109="Cut",N109>0,K109=""),"USED: say what replaces it (Note)",IF(AND(I109="Rename",J109=""),"type the new name",IF(AND(L109<>"",L109<>"(decide)",COUNTIF($L$2:$L$1680,L109)>1),"SAME FINAL NAME AS ANOTHER ROW",""))) | N109: 0
A110: 109 | B110: Conduit | C110: EMT | D110: 1/2" EMT | E110: (unchanged) | G110: 1 run type | H110: Shipped | I110: Keep | L110: =IF(I110="Cut","",IF(I110="Your call","(decide)",IF(I110="Rename",J110,IF(I110="Keep",IF(D110="",E110,D110),IF(E110="(unchanged)",D110,E110))))) | M110: =IF(AND(I110="Cut",N110>0,K110=""),"USED: say what replaces it (Note)",IF(AND(I110="Rename",J110=""),"type the new name",IF(AND(L110<>"",L110<>"(decide)",COUNTIF($L$2:$L$1680,L110)>1),"SAME FINAL NAME AS ANOTHER ROW",""))) | N110: 1
A111: 110 | B111: Conduit | C111: EMT | D111: 3/4" EMT | E111: (unchanged) | G111: 1 run type | H111: Shipped | I111: Keep | L111: =IF(I111="Cut","",IF(I111="Your call","(decide)",IF(I111="Rename",J111,IF(I111="Keep",IF(D111="",E111,D111),IF(E111="(unchanged)",D111,E111))))) | M111: =IF(AND(I111="Cut",N111>0,K111=""),"USED: say what replaces it (Note)",IF(AND(I111="Rename",J111=""),"type the new name",IF(AND(L111<>"",L111<>"(decide)",COUNTIF($L$2:$L$1680,L111)>1),"SAME FINAL NAME AS ANOTHER ROW",""))) | N111: 1
A112: 111 | B112: Conduit | C112: EMT | D112: 1" EMT | E112: (unchanged) | G112: — | H112: Shipped | I112: Keep | L112: =IF(I112="Cut","",IF(I112="Your call","(decide)",IF(I112="Rename",J112,IF(I112="Keep",IF(D112="",E112,D112),IF(E112="(unchanged)",D112,E112))))) | M112: =IF(AND(I112="Cut",N112>0,K112=""),"USED: say what replaces it (Note)",IF(AND(I112="Rename",J112=""),"type the new name",IF(AND(L112<>"",L112<>"(decide)",COUNTIF($L$2:$L$1680,L112)>1),"SAME FINAL NAME AS ANOTHER ROW",""))) | N112: 0
A113: 112 | B113: Conduit | C113: EMT | D113: 1-1/4" EMT | E113: (unchanged) | G113: — | H113: Shipped | I113: Keep | L113: =IF(I113="Cut","",IF(I113="Your call","(decide)",IF(I113="Rename",J113,IF(I113="Keep",IF(D113="",E113,D113),IF(E113="(unchanged)",D113,E113))))) | M113: =IF(AND(I113="Cut",N113>0,K113=""),"USED: say what replaces it (Note)",IF(AND(I113="Rename",J113=""),"type the new name",IF(AND(L113<>"",L113<>"(decide)",COUNTIF($L$2:$L$1680,L113)>1),"SAME FINAL NAME AS ANOTHER ROW",""))) | N113: 0
A114: 113 | B114: Conduit | C114: EMT | D114: 1-1/2" EMT | E114: (unchanged) | G114: — | H114: Shipped | I114: Keep | L114: =IF(I114="Cut","",IF(I114="Your call","(decide)",IF(I114="Rename",J114,IF(I114="Keep",IF(D114="",E114,D114),IF(E114="(unchanged)",D114,E114))))) | M114: =IF(AND(I114="Cut",N114>0,K114=""),"USED: say what replaces it (Note)",IF(AND(I114="Rename",J114=""),"type the new name",IF(AND(L114<>"",L114<>"(decide)",COUNTIF($L$2:$L$1680,L114)>1),"SAME FINAL NAME AS ANOTHER ROW",""))) | N114: 0
A115: 114 | B115: Conduit | C115: EMT | D115: 2" EMT | E115: (unchanged) | G115: — | H115: Shipped | I115: Keep | L115: =IF(I115="Cut","",IF(I115="Your call","(decide)",IF(I115="Rename",J115,IF(I115="Keep",IF(D115="",E115,D115),IF(E115="(unchanged)",D115,E115))))) | M115: =IF(AND(I115="Cut",N115>0,K115=""),"USED: say what replaces it (Note)",IF(AND(I115="Rename",J115=""),"type the new name",IF(AND(L115<>"",L115<>"(decide)",COUNTIF($L$2:$L$1680,L115)>1),"SAME FINAL NAME AS ANOTHER ROW",""))) | N115: 0
A116: 115 | B116: Conduit | C116: EMT | D116: 2-1/2" EMT | E116: (unchanged) | G116: — | H116: Shipped | I116: Keep | L116: =IF(I116="Cut","",IF(I116="Your call","(decide)",IF(I116="Rename",J116,IF(I116="Keep",IF(D116="",E116,D116),IF(E116="(unchanged)",D116,E116))))) | M116: =IF(AND(I116="Cut",N116>0,K116=""),"USED: say what replaces it (Note)",IF(AND(I116="Rename",J116=""),"type the new name",IF(AND(L116<>"",L116<>"(decide)",COUNTIF($L$2:$L$1680,L116)>1),"SAME FINAL NAME AS ANOTHER ROW",""))) | N116: 0
A117: 116 | B117: Conduit | C117: EMT | D117: 3" EMT | E117: (unchanged) | G117: — | H117: Shipped | I117: Keep | L117: =IF(I117="Cut","",IF(I117="Your call","(decide)",IF(I117="Rename",J117,IF(I117="Keep",IF(D117="",E117,D117),IF(E117="(unchanged)",D117,E117))))) | M117: =IF(AND(I117="Cut",N117>0,K117=""),"USED: say what replaces it (Note)",IF(AND(I117="Rename",J117=""),"type the new name",IF(AND(L117<>"",L117<>"(decide)",COUNTIF($L$2:$L$1680,L117)>1),"SAME FINAL NAME AS ANOTHER ROW",""))) | N117: 0
A118: 117 | B118: Conduit | C118: EMT | D118: 4" EMT | E118: (unchanged) | G118: — | H118: Shipped | I118: Keep | L118: =IF(I118="Cut","",IF(I118="Your call","(decide)",IF(I118="Rename",J118,IF(I118="Keep",IF(D118="",E118,D118),IF(E118="(unchanged)",D118,E118))))) | M118: =IF(AND(I118="Cut",N118>0,K118=""),"USED: say what replaces it (Note)",IF(AND(I118="Rename",J118=""),"type the new name",IF(AND(L118<>"",L118<>"(decide)",COUNTIF($L$2:$L$1680,L118)>1),"SAME FINAL NAME AS ANOTHER ROW",""))) | N118: 0
A119: 118 | B119: Conduit | C119: PVC Sch 40 | D119: 1/2" PVC Sch 40 | E119: (unchanged) | G119: — | H119: Shipped | I119: Keep | L119: =IF(I119="Cut","",IF(I119="Your call","(decide)",IF(I119="Rename",J119,IF(I119="Keep",IF(D119="",E119,D119),IF(E119="(unchanged)",D119,E119))))) | M119: =IF(AND(I119="Cut",N119>0,K119=""),"USED: say what replaces it (Note)",IF(AND(I119="Rename",J119=""),"type the new name",IF(AND(L119<>"",L119<>"(decide)",COUNTIF($L$2:$L$1680,L119)>1),"SAME FINAL NAME AS ANOTHER ROW",""))) | N119: 0
A120: 119 | B120: Conduit | C120: PVC Sch 40 | D120: 3/4" PVC Sch 40 | E120: (unchanged) | G120: — | H120: Shipped | I120: Keep | L120: =IF(I120="Cut","",IF(I120="Your call","(decide)",IF(I120="Rename",J120,IF(I120="Keep",IF(D120="",E120,D120),IF(E120="(unchanged)",D120,E120))))) | M120: =IF(AND(I120="Cut",N120>0,K120=""),"USED: say what replaces it (Note)",IF(AND(I120="Rename",J120=""),"type the new name",IF(AND(L120<>"",L120<>"(decide)",COUNTIF($L$2:$L$1680,L120)>1),"SAME FINAL NAME AS ANOTHER ROW",""))) | N120: 0
A121: 120 | B121: Conduit | C121: PVC Sch 40 | D121: 1" PVC Sch 40 | E121: (unchanged) | G121: — | H121: Shipped | I121: Keep | L121: =IF(I121="Cut","",IF(I121="Your call","(decide)",IF(I121="Rename",J121,IF(I121="Keep",IF(D121="",E121,D121),IF(E121="(unchanged)",D121,E121))))) | M121: =IF(AND(I121="Cut",N121>0,K121=""),"USED: say what replaces it (Note)",IF(AND(I121="Rename",J121=""),"type the new name",IF(AND(L121<>"",L121<>"(decide)",COUNTIF($L$2:$L$1680,L121)>1),"SAME FINAL NAME AS ANOTHER ROW",""))) | N121: 0
... A279: 278 | B279: Conduit Fittings | C279: EMT set-screw coupling | D279: 4" EMT set-screw coupling | E279: (unchanged) | G279: — | H279: Shipped | I279: Keep | L279: =IF(I279="Cut","",IF(I279="Your call","(decide)",IF(I279="Rename",J279,IF(I279="Keep",IF(D279="",E279,D279),IF(E279="(unchanged)",D279,E279))))) | M279: =IF(AND(I279="Cut",N279>0,K279=""),"USED: say what replaces it (Note)",IF(AND(I279="Rename",J279=""),"type the new name",IF(AND(L279<>"",L279<>"(decide)",COUNTIF($L$2:$L$1680,L279)>1),"SAME FINAL NAME AS ANOTHER ROW",""))) | N279: 0
A280: 279 | B280: Conduit Fittings | D280: EMT strap | E280: (unchanged) | G280: — | H280: Shipped | I280: Keep | L280: =IF(I280="Cut","",IF(I280="Your call","(decide)",IF(I280="Rename",J280,IF(I280="Keep",IF(D280="",E280,D280),IF(E280="(unchanged)",D280,E280))))) | M280: =IF(AND(I280="Cut",N280>0,K280=""),"USED: say what replaces it (Note)",IF(AND(I280="Rename",J280=""),"type the new name",IF(AND(L280<>"",L280<>"(decide)",COUNTIF($L$2:$L$1680,L280)>1),"SAME FINAL NAME AS ANOTHER ROW",""))) | N280: 0
A281: 280 | B281: Conduit Fittings | C281: EMT T conduit body | D281: 1/2" EMT T conduit body | E281: (unchanged) | G281: — | H281: Shipped | I281: Keep | L281: =IF(I281="Cut","",IF(I281="Your call","(decide)",IF(I281="Rename",J281,IF(I281="Keep",IF(D281="",E281,D281),IF(E281="(unchanged)",D281,E281))))) | M281: =IF(AND(I281="Cut",N281>0,K281=""),"USED: say what replaces it (Note)",IF(AND(I281="Rename",J281=""),"type the new name",IF(AND(L281<>"",L281<>"(decide)",COUNTIF($L$2:$L$1680,L281)>1),"SAME FINAL NAME AS ANOTHER ROW",""))) | N281: 0
A282: 281 | B282: Conduit Fittings | C282: EMT T conduit body | D282: 3/4" EMT T conduit body | E282: (unchanged) | G282: — | H282: Shipped | I282: Keep | L282: =IF(I282="Cut","",IF(I282="Your call","(decide)",IF(I282="Rename",J282,IF(I282="Keep",IF(D282="",E282,D282),IF(E282="(unchanged)",D282,E282))))) | M282: =IF(AND(I282="Cut",N282>0,K282=""),"USED: say what replaces it (Note)",IF(AND(I282="Rename",J282=""),"type the new name",IF(AND(L282<>"",L282<>"(decide)",COUNTIF($L$2:$L$1680,L282)>1),"SAME FINAL NAME AS ANOTHER ROW",""))) | N282: 0
A283: 282 | B283: Conduit Fittings | C283: EMT T conduit body | D283: 1" EMT T conduit body | E283: (unchanged) | G283: — | H283: Shipped | I283: Keep | L283: =IF(I283="Cut","",IF(I283="Your call","(decide)",IF(I283="Rename",J283,IF(I283="Keep",IF(D283="",E283,D283),IF(E283="(unchanged)",D283,E283))))) | M283: =IF(AND(I283="Cut",N283>0,K283=""),"USED: say what replaces it (Note)",IF(AND(I283="Rename",J283=""),"type the new name",IF(AND(L283<>"",L283<>"(decide)",COUNTIF($L$2:$L$1680,L283)>1),"SAME FINAL NAME AS ANOTHER ROW",""))) | N283: 0
A284: 283 | B284: Conduit Fittings | C284: EMT T conduit body | D284: 1-1/4" EMT T conduit body | E284: (unchanged) | G284: — | H284: Shipped | I284: Keep | L284: =IF(I284="Cut","",IF(I284="Your call","(decide)",IF(I284="Rename",J284,IF(I284="Keep",IF(D284="",E284,D284),IF(E284="(unchanged)",D284,E284))))) | M284: =IF(AND(I284="Cut",N284>0,K284=""),"USED: say what replaces it (Note)",IF(AND(I284="Rename",J284=""),"type the new name",IF(AND(L284<>"",L284<>"(decide)",COUNTIF($L$2:$L$1680,L284)>1),"SAME FINAL NAME AS ANOTHER ROW",""))) | N284: 0
A285: 284 | B285: Conduit Fittings | C285: EMT T conduit body | D285: 1-1/2" EMT T conduit body | E285: (unchanged) | G285: — | H285: Shipped | I285: Keep | L285: =IF(I285="Cut","",IF(I285="Your call","(decide)",IF(I285="Rename",J285,IF(I285="Keep",IF(D285="",E285,D285),IF(E285="(unchanged)",D285,E285))))) | M285: =IF(AND(I285="Cut",N285>0,K285=""),"USED: say what replaces it (Note)",IF(AND(I285="Rename",J285=""),"type the new name",IF(AND(L285<>"",L285<>"(decide)",COUNTIF($L$2:$L$1680,L285)>1),"SAME FINAL NAME AS ANOTHER ROW",""))) | N285: 0
A286: 285 | B286: Conduit Fittings | C286: EMT T conduit body | D286: 2" EMT T conduit body | E286: (unchanged) | G286: — | H286: Shipped | I286: Keep | L286: =IF(I286="Cut","",IF(I286="Your call","(decide)",IF(I286="Rename",J286,IF(I286="Keep",IF(D286="",E286,D286),IF(E286="(unchanged)",D286,E286))))) | M286: =IF(AND(I286="Cut",N286>0,K286=""),"USED: say what replaces it (Note)",IF(AND(I286="Rename",J286=""),"type the new name",IF(AND(L286<>"",L286<>"(decide)",COUNTIF($L$2:$L$1680,L286)>1),"SAME FINAL NAME AS ANOTHER ROW",""))) | N286: 0
A287: 286 | B287: Conduit Fittings | C287: EMT T conduit body | D287: 2-1/2" EMT T conduit body | E287: (unchanged) | G287: — | H287: Shipped | I287: Keep | L287: =IF(I287="Cut","",IF(I287="Your call","(decide)",IF(I287="Rename",J287,IF(I287="Keep",IF(D287="",E287,D287),IF(E287="(unchanged)",D287,E287))))) | M287: =IF(AND(I287="Cut",N287>0,K287=""),"USED: say what replaces it (Note)",IF(AND(I287="Rename",J287=""),"type the new name",IF(AND(L287<>"",L287<>"(decide)",COUNTIF($L$2:$L$1680,L287)>1),"SAME FINAL NAME AS ANOTHER ROW",""))) | N287: 0
A288: 287 | B288: Conduit Fittings | C288: EMT T conduit body | D288: 3" EMT T conduit body | E288: (unchanged) | G288: — | H288: Shipped | I288: Keep | L288: =IF(I288="Cut","",IF(I288="Your call","(decide)",IF(I288="Rename",J288,IF(I288="Keep",IF(D288="",E288,D288),IF(E288="(unchanged)",D288,E288))))) | M288: =IF(AND(I288="Cut",N288>0,K288=""),"USED: say what replaces it (Note)",IF(AND(I288="Rename",J288=""),"type the new name",IF(AND(L288<>"",L288<>"(decide)",COUNTIF($L$2:$L$1680,L288)>1),"SAME FINAL NAME AS ANOTHER ROW",""))) | N288: 0
A289: 288 | B289: Conduit Fittings | C289: EMT T conduit body | D289: 4" EMT T conduit body | E289: (unchanged) | G289: — | H289: Shipped | I289: Keep | L289: =IF(I289="Cut","",IF(I289="Your call","(decide)",IF(I289="Rename",J289,IF(I289="Keep",IF(D289="",E289,D289),IF(E289="(unchanged)",D289,E289))))) | M289: =IF(AND(I289="Cut",N289>0,K289=""),"USED: say what replaces it (Note)",IF(AND(I289="Rename",J289=""),"type the new name",IF(AND(L289<>"",L289<>"(decide)",COUNTIF($L$2:$L$1680,L289)>1),"SAME FINAL NAME AS ANOTHER ROW",""))) | N289: 0
A290: 289 | B290: Conduit Fittings | C290: PVC Sch 40 45-degree elbow | D290: 1/2" PVC Sch 40 45-degree elbow | E290: (unchanged) | G290: — | H290: Shipped | I290: Keep | L290: =IF(I290="Cut","",IF(I290="Your call","(decide)",IF(I290="Rename",J290,IF(I290="Keep",IF(D290="",E290,D290),IF(E290="(unchanged)",D290,E290))))) | M290: =IF(AND(I290="Cut",N290>0,K290=""),"USED: say what replaces it (Note)",IF(AND(I290="Rename",J290=""),"type the new name",IF(AND(L290<>"",L290<>"(decide)",COUNTIF($L$2:$L$1680,L290)>1),"SAME FINAL NAME AS ANOTHER ROW",""))) | N290: 0
A291: 290 | B291: Conduit Fittings | C291: PVC Sch 40 45-degree elbow | D291: 3/4" PVC Sch 40 45-degree elbow | E291: (unchanged) | G291: — | H291: Shipped | I291: Keep | L291: =IF(I291="Cut","",IF(I291="Your call","(decide)",IF(I291="Rename",J291,IF(I291="Keep",IF(D291="",E291,D291),IF(E291="(unchanged)",D291,E291))))) | M291: =IF(AND(I291="Cut",N291>0,K291=""),"USED: say what replaces it (Note)",IF(AND(I291="Rename",J291=""),"type the new name",IF(AND(L291<>"",L291<>"(decide)",COUNTIF($L$2:$L$1680,L291)>1),"SAME FINAL NAME AS ANOTHER ROW",""))) | N291: 0
A292: 291 | B292: Conduit Fittings | C292: PVC Sch 40 45-degree elbow | D292: 1" PVC Sch 40 45-degree elbow | E292: (unchanged) | G292: — | H292: Shipped | I292: Keep | L292: =IF(I292="Cut","",IF(I292="Your call","(decide)",IF(I292="Rename",J292,IF(I292="Keep",IF(D292="",E292,D292),IF(E292="(unchanged)",D292,E292))))) | M292: =IF(AND(I292="Cut",N292>0,K292=""),"USED: say what replaces it (Note)",IF(AND(I292="Rename",J292=""),"type the new name",IF(AND(L292<>"",L292<>"(decide)",COUNTIF($L$2:$L$1680,L292)>1),"SAME FINAL NAME AS ANOTHER ROW",""))) | N292: 0
... A731: 730 | B731: Conduit Fittings | C731: PVC weatherhead | D731: 4" PVC weatherhead | E731: (unchanged) | G731: — | H731: Shipped | I731: Keep | L731: =IF(I731="Cut","",IF(I731="Your call","(decide)",IF(I731="Rename",J731,IF(I731="Keep",IF(D731="",E731,D731),IF(E731="(unchanged)",D731,E731))))) | M731: =IF(AND(I731="Cut",N731>0,K731=""),"USED: say what replaces it (Note)",IF(AND(I731="Rename",J731=""),"type the new name",IF(AND(L731<>"",L731<>"(decide)",COUNTIF($L$2:$L$1680,L731)>1),"SAME FINAL NAME AS ANOTHER ROW",""))) | N731: 0
A732: 731 | B732: Conduit Fittings | D732: Reducing washer set | E732: (unchanged) | G732: — | H732: Shipped | I732: Keep | L732: =IF(I732="Cut","",IF(I732="Your call","(decide)",IF(I732="Rename",J732,IF(I732="Keep",IF(D732="",E732,D732),IF(E732="(unchanged)",D732,E732))))) | M732: =IF(AND(I732="Cut",N732>0,K732=""),"USED: say what replaces it (Note)",IF(AND(I732="Rename",J732=""),"type the new name",IF(AND(L732<>"",L732<>"(decide)",COUNTIF($L$2:$L$1680,L732)>1),"SAME FINAL NAME AS ANOTHER ROW",""))) | N732: 0
A733: 732 | B733: Conduit Fittings | C733: rigid one-hole strap | D733: 1/2" rigid one-hole strap | E733: (unchanged) | G733: — | H733: Shipped | I733: Keep | L733: =IF(I733="Cut","",IF(I733="Your call","(decide)",IF(I733="Rename",J733,IF(I733="Keep",IF(D733="",E733,D733),IF(E733="(unchanged)",D733,E733))))) | M733: =IF(AND(I733="Cut",N733>0,K733=""),"USED: say what replaces it (Note)",IF(AND(I733="Rename",J733=""),"type the new name",IF(AND(L733<>"",L733<>"(decide)",COUNTIF($L$2:$L$1680,L733)>1),"SAME FINAL NAME AS ANOTHER ROW",""))) | N733: 0
A734: 733 | B734: Conduit Fittings | C734: rigid one-hole strap | D734: 3/4" rigid one-hole strap | E734: (unchanged) | G734: — | H734: Shipped | I734: Keep | L734: =IF(I734="Cut","",IF(I734="Your call","(decide)",IF(I734="Rename",J734,IF(I734="Keep",IF(D734="",E734,D734),IF(E734="(unchanged)",D734,E734))))) | M734: =IF(AND(I734="Cut",N734>0,K734=""),"USED: say what replaces it (Note)",IF(AND(I734="Rename",J734=""),"type the new name",IF(AND(L734<>"",L734<>"(decide)",COUNTIF($L$2:$L$1680,L734)>1),"SAME FINAL NAME AS ANOTHER ROW",""))) | N734: 0
A735: 734 | B735: Conduit Fittings | C735: rigid one-hole strap | D735: 1" rigid one-hole strap | E735: (unchanged) | G735: — | H735: Shipped | I735: Keep | L735: =IF(I735="Cut","",IF(I735="Your call","(decide)",IF(I735="Rename",J735,IF(I735="Keep",IF(D735="",E735,D735),IF(E735="(unchanged)",D735,E735))))) | M735: =IF(AND(I735="Cut",N735>0,K735=""),"USED: say what replaces it (Note)",IF(AND(I735="Rename",J735=""),"type the new name",IF(AND(L735<>"",L735<>"(decide)",COUNTIF($L$2:$L$1680,L735)>1),"SAME FINAL NAME AS ANOTHER ROW",""))) | N735: 0
A736: 735 | B736: Conduit Fittings | C736: rigid one-hole strap | D736: 1-1/4" rigid one-hole strap | E736: (unchanged) | G736: — | H736: Shipped | I736: Keep | L736: =IF(I736="Cut","",IF(I736="Your call","(decide)",IF(I736="Rename",J736,IF(I736="Keep",IF(D736="",E736,D736),IF(E736="(unchanged)",D736,E736))))) | M736: =IF(AND(I736="Cut",N736>0,K736=""),"USED: say what replaces it (Note)",IF(AND(I736="Rename",J736=""),"type the new name",IF(AND(L736<>"",L736<>"(decide)",COUNTIF($L$2:$L$1680,L736)>1),"SAME FINAL NAME AS ANOTHER ROW",""))) | N736: 0
A737: 736 | B737: Conduit Fittings | C737: rigid one-hole strap | D737: 1-1/2" rigid one-hole strap | E737: (unchanged) | G737: — | H737: Shipped | I737: Keep | L737: =IF(I737="Cut","",IF(I737="Your call","(decide)",IF(I737="Rename",J737,IF(I737="Keep",IF(D737="",E737,D737),IF(E737="(unchanged)",D737,E737))))) | M737: =IF(AND(I737="Cut",N737>0,K737=""),"USED: say what replaces it (Note)",IF(AND(I737="Rename",J737=""),"type the new name",IF(AND(L737<>"",L737<>"(decide)",COUNTIF($L$2:$L$1680,L737)>1),"SAME FINAL NAME AS ANOTHER ROW",""))) | N737: 0
A738: 737 | B738: Conduit Fittings | C738: rigid one-hole strap | D738: 2" rigid one-hole strap | E738: (unchanged) | G738: — | H738: Shipped | I738: Keep | L738: =IF(I738="Cut","",IF(I738="Your call","(decide)",IF(I738="Rename",J738,IF(I738="Keep",IF(D738="",E738,D738),IF(E738="(unchanged)",D738,E738))))) | M738: =IF(AND(I738="Cut",N738>0,K738=""),"USED: say what replaces it (Note)",IF(AND(I738="Rename",J738=""),"type the new name",IF(AND(L738<>"",L738<>"(decide)",COUNTIF($L$2:$L$1680,L738)>1),"SAME FINAL NAME AS ANOTHER ROW",""))) | N738: 0
A739: 738 | B739: Conduit Fittings | C739: rigid one-hole strap | D739: 2-1/2" rigid one-hole strap | E739: (unchanged) | G739: — | H739: Shipped | I739: Keep | L739: =IF(I739="Cut","",IF(I739="Your call","(decide)",IF(I739="Rename",J739,IF(I739="Keep",IF(D739="",E739,D739),IF(E739="(unchanged)",D739,E739))))) | M739: =IF(AND(I739="Cut",N739>0,K739=""),"USED: say what replaces it (Note)",IF(AND(I739="Rename",J739=""),"type the new name",IF(AND(L739<>"",L739<>"(decide)",COUNTIF($L$2:$L$1680,L739)>1),"SAME FINAL NAME AS ANOTHER ROW",""))) | N739: 0
A740: 739 | B740: Conduit Fittings | C740: rigid one-hole strap | D740: 3" rigid one-hole strap | E740: (unchanged) | G740: — | H740: Shipped | I740: Keep | L740: =IF(I740="Cut","",IF(I740="Your call","(decide)",IF(I740="Rename",J740,IF(I740="Keep",IF(D740="",E740,D740),IF(E740="(unchanged)",D740,E740))))) | M740: =IF(AND(I740="Cut",N740>0,K740=""),"USED: say what replaces it (Note)",IF(AND(I740="Rename",J740=""),"type the new name",IF(AND(L740<>"",L740<>"(decide)",COUNTIF($L$2:$L$1680,L740)>1),"SAME FINAL NAME AS ANOTHER ROW",""))) | N740: 0
A741: 740 | B741: Conduit Fittings | C741: rigid one-hole strap | D741: 4" rigid one-hole strap | E741: (unchanged) | G741: — | H741: Shipped | I741: Keep | L741: =IF(I741="Cut","",IF(I741="Your call","(decide)",IF(I741="Rename",J741,IF(I741="Keep",IF(D741="",E741,D741),IF(E741="(unchanged)",D741,E741))))) | M741: =IF(AND(I741="Cut",N741>0,K741=""),"USED: say what replaces it (Note)",IF(AND(I741="Rename",J741=""),"type the new name",IF(AND(L741<>"",L741<>"(decide)",COUNTIF($L$2:$L$1680,L741)>1),"SAME FINAL NAME AS ANOTHER ROW",""))) | N741: 0
A742: 741 | B742: Conduit Fittings | C742: riser strap | D742: 2" riser strap | E742: (unchanged) | G742: 1 starter | H742: Shipped | I742: Keep | L742: =IF(I742="Cut","",IF(I742="Your call","(decide)",IF(I742="Rename",J742,IF(I742="Keep",IF(D742="",E742,D742),IF(E742="(unchanged)",D742,E742))))) | M742: =IF(AND(I742="Cut",N742>0,K742=""),"USED: say what replaces it (Note)",IF(AND(I742="Rename",J742=""),"type the new name",IF(AND(L742<>"",L742<>"(decide)",COUNTIF($L$2:$L$1680,L742)>1),"SAME FINAL NAME AS ANOTHER ROW",""))) | N742: 1
A743: 742 | B743: Conduit Fittings | D743: Roof flashing boot | E743: (unchanged) | G743: 1 starter | H743: Shipped | I743: Keep | L743: =IF(I743="Cut","",IF(I743="Your call","(decide)",IF(I743="Rename",J743,IF(I743="Keep",IF(D743="",E743,D743),IF(E743="(unchanged)",D743,E743))))) | M743: =IF(AND(I743="Cut",N743>0,K743=""),"USED: say what replaces it (Note)",IF(AND(I743="Rename",J743=""),"type the new name",IF(AND(L743<>"",L743<>"(decide)",COUNTIF($L$2:$L$1680,L743)>1),"SAME FINAL NAME AS ANOTHER ROW",""))) | N743: 1
A744: 743 | B744: Conduit Fittings | C744: threaded closure | D744: 1/2" threaded closure | E744: (unchanged) | G744: — | H744: Shipped | I744: Keep | L744: =IF(I744="Cut","",IF(I744="Your call","(decide)",IF(I744="Rename",J744,IF(I744="Keep",IF(D744="",E744,D744),IF(E744="(unchanged)",D744,E744))))) | M744: =IF(AND(I744="Cut",N744>0,K744=""),"USED: say what replaces it (Note)",IF(AND(I744="Rename",J744=""),"type the new name",IF(AND(L744<>"",L744<>"(decide)",COUNTIF($L$2:$L$1680,L744)>1),"SAME FINAL NAME AS ANOTHER ROW",""))) | N744: 0
A745: 744 | B745: Conduit Fittings | C745: threaded closure | D745: 3/4" threaded closure | E745: (unchanged) | G745: — | H745: Shipped | I745: Keep | L745: =IF(I745="Cut","",IF(I745="Your call","(decide)",IF(I745="Rename",J745,IF(I745="Keep",IF(D745="",E745,D745),IF(E745="(unchanged)",D745,E745))))) | M745: =IF(AND(I745="Cut",N745>0,K745=""),"USED: say what replaces it (Note)",IF(AND(I745="Rename",J745=""),"type the new name",IF(AND(L745<>"",L745<>"(decide)",COUNTIF($L$2:$L$1680,L745)>1),"SAME FINAL NAME AS ANOTHER ROW",""))) | N745: 0
A746: 745 | B746: Boxes | D746: 4-gang box | E746: (unchanged) | G746: — | H746: Shipped | I746: Keep | L746: =IF(I746="Cut","",IF(I746="Your call","(decide)",IF(I746="Rename",J746,IF(I746="Keep",IF(D746="",E746,D746),IF(E746="(unchanged)",D746,E746))))) | M746: =IF(AND(I746="Cut",N746>0,K746=""),"USED: say what replaces it (Note)",IF(AND(I746="Rename",J746=""),"type the new name",IF(AND(L746<>"",L746<>"(decide)",COUNTIF($L$2:$L$1680,L746)>1),"SAME FINAL NAME AS ANOTHER ROW",""))) | N746: 0
A747: 746 | B747: Boxes | D747: 5-gang box | E747: (unchanged) | G747: — | H747: Shipped | I747: Keep | L747: =IF(I747="Cut","",IF(I747="Your call","(decide)",IF(I747="Rename",J747,IF(I747="Keep",IF(D747="",E747,D747),IF(E747="(unchanged)",D747,E747))))) | M747: =IF(AND(I747="Cut",N747>0,K747=""),"USED: say what replaces it (Note)",IF(AND(I747="Rename",J747=""),"type the new name",IF(AND(L747<>"",L747<>"(decide)",COUNTIF($L$2:$L$1680,L747)>1),"SAME FINAL NAME AS ANOTHER ROW",""))) | N747: 0
A748: 747 | B748: Boxes | D748: Box support bracket | E748: (unchanged) | G748: — | H748: Shipped | I748: Keep | L748: =IF(I748="Cut","",IF(I748="Your call","(decide)",IF(I748="Rename",J748,IF(I748="Keep",IF(D748="",E748,D748),IF(E748="(unchanged)",D748,E748))))) | M748: =IF(AND(I748="Cut",N748>0,K748=""),"USED: say what replaces it (Note)",IF(AND(I748="Rename",J748=""),"type the new name",IF(AND(L748<>"",L748<>"(decide)",COUNTIF($L$2:$L$1680,L748)>1),"SAME FINAL NAME AS ANOTHER ROW",""))) | N748: 0
A749: 748 | B749: Boxes | D749: Ceiling fan brace box | E749: (unchanged) | G749: 2 starters | H749: Shipped | I749: Keep | L749: =IF(I749="Cut","",IF(I749="Your call","(decide)",IF(I749="Rename",J749,IF(I749="Keep",IF(D749="",E749,D749),IF(E749="(unchanged)",D749,E749))))) | M749: =IF(AND(I749="Cut",N749>0,K749=""),"USED: say what replaces it (Note)",IF(AND(I749="Rename",J749=""),"type the new name",IF(AND(L749<>"",L749<>"(decide)",COUNTIF($L$2:$L$1680,L749)>1),"SAME FINAL NAME AS ANOTHER ROW",""))) | N749: 2
A750: 749 | B750: Boxes | D750: Concrete ring backplate | E750: (unchanged) | G750: — | H750: Shipped | I750: Keep | L750: =IF(I750="Cut","",IF(I750="Your call","(decide)",IF(I750="Rename",J750,IF(I750="Keep",IF(D750="",E750,D750),IF(E750="(unchanged)",D750,E750))))) | M750: =IF(AND(I750="Cut",N750>0,K750=""),"USED: say what replaces it (Note)",IF(AND(I750="Rename",J750=""),"type the new name",IF(AND(L750<>"",L750<>"(decide)",COUNTIF($L$2:$L$1680,L750)>1),"SAME FINAL NAME AS ANOTHER ROW",""))) | N750: 0
A751: 750 | B751: Boxes | D751: Concrete ring, 4" deep | E751: (unchanged) | G751: — | H751: Shipped | I751: Keep | L751: =IF(I751="Cut","",IF(I751="Your call","(decide)",IF(I751="Rename",J751,IF(I751="Keep",IF(D751="",E751,D751),IF(E751="(unchanged)",D751,E751))))) | M751: =IF(AND(I751="Cut",N751>0,K751=""),"USED: say what replaces it (Note)",IF(AND(I751="Rename",J751=""),"type the new name",IF(AND(L751<>"",L751<>"(decide)",COUNTIF($L$2:$L$1680,L751)>1),"SAME FINAL NAME AS ANOTHER ROW",""))) | N751: 0
A752: 751 | B752: Boxes | D752: Concrete ring, 6" deep | E752: (unchanged) | G752: — | H752: Shipped | I752: Keep | L752: =IF(I752="Cut","",IF(I752="Your call","(decide)",IF(I752="Rename",J752,IF(I752="Keep",IF(D752="",E752,D752),IF(E752="(unchanged)",D752,E752))))) | M752: =IF(AND(I752="Cut",N752>0,K752=""),"USED: say what replaces it (Note)",IF(AND(I752="Rename",J752=""),"type the new name",IF(AND(L752<>"",L752<>"(decide)",COUNTIF($L$2:$L$1680,L752)>1),"SAME FINAL NAME AS ANOTHER ROW",""))) | N752: 0
A753: 752 | B753: Boxes | D753: Double-gang box | E753: (unchanged) | G753: 4 starters | H753: Shipped | I753: Keep | L753: =IF(I753="Cut","",IF(I753="Your call","(decide)",IF(I753="Rename",J753,IF(I753="Keep",IF(D753="",E753,D753),IF(E753="(unchanged)",D753,E753))))) | M753: =IF(AND(I753="Cut",N753>0,K753=""),"USED: say what replaces it (Note)",IF(AND(I753="Rename",J753=""),"type the new name",IF(AND(L753<>"",L753<>"(decide)",COUNTIF($L$2:$L$1680,L753)>1),"SAME FINAL NAME AS ANOTHER ROW",""))) | N753: 4
A754: 753 | B754: Boxes | D754: Double-gang box, deep | E754: (unchanged) | G754: — | H754: Shipped | I754: Keep | L754: =IF(I754="Cut","",IF(I754="Your call","(decide)",IF(I754="Rename",J754,IF(I754="Keep",IF(D754="",E754,D754),IF(E754="(unchanged)",D754,E754))))) | M754: =IF(AND(I754="Cut",N754>0,K754=""),"USED: say what replaces it (Note)",IF(AND(I754="Rename",J754=""),"type the new name",IF(AND(L754<>"",L754<>"(decide)",COUNTIF($L$2:$L$1680,L754)>1),"SAME FINAL NAME AS ANOTHER ROW",""))) | N754: 0
A755: 754 | B755: Boxes | D755: Double-gang metal box | E755: (unchanged) | G755: — | H755: Shipped | I755: Keep | L755: =IF(I755="Cut","",IF(I755="Your call","(decide)",IF(I755="Rename",J755,IF(I755="Keep",IF(D755="",E755,D755),IF(E755="(unchanged)",D755,E755))))) | M755: =IF(AND(I755="Cut",N755>0,K755=""),"USED: say what replaces it (Note)",IF(AND(I755="Rename",J755=""),"type the new name",IF(AND(L755<>"",L755<>"(decide)",COUNTIF($L$2:$L$1680,L755)>1),"SAME FINAL NAME AS ANOTHER ROW",""))) | N755: 0
A756: 755 | B756: Boxes | D756: Double-gang old-work box | E756: (unchanged) | G756: — | H756: Shipped | I756: Keep | L756: =IF(I756="Cut","",IF(I756="Your call","(decide)",IF(I756="Rename",J756,IF(I756="Keep",IF(D756="",E756,D756),IF(E756="(unchanged)",D756,E756))))) | M756: =IF(AND(I756="Cut",N756>0,K756=""),"USED: say what replaces it (Note)",IF(AND(I756="Rename",J756=""),"type the new name",IF(AND(L756<>"",L756<>"(decide)",COUNTIF($L$2:$L$1680,L756)>1),"SAME FINAL NAME AS ANOTHER ROW",""))) | N756: 0
A757: 756 | B757: Boxes | D757: Drywall repair ring | E757: (unchanged) | G757: — | H757: Shipped | I757: Keep | L757: =IF(I757="Cut","",IF(I757="Your call","(decide)",IF(I757="Rename",J757,IF(I757="Keep",IF(D757="",E757,D757),IF(E757="(unchanged)",D757,E757))))) | M757: =IF(AND(I757="Cut",N757>0,K757=""),"USED: say what replaces it (Note)",IF(AND(I757="Rename",J757=""),"type the new name",IF(AND(L757<>"",L757<>"(decide)",COUNTIF($L$2:$L$1680,L757)>1),"SAME FINAL NAME AS ANOTHER ROW",""))) | N757: 0
A758: 757 | B758: Boxes | D758: Fan-rated ceiling box | E758: (unchanged) | G758: 1 starter | H758: Shipped | I758: Keep | L758: =IF(I758="Cut","",IF(I758="Your call","(decide)",IF(I758="Rename",J758,IF(I758="Keep",IF(D758="",E758,D758),IF(E758="(unchanged)",D758,E758))))) | M758: =IF(AND(I758="Cut",N758>0,K758=""),"USED: say what replaces it (Note)",IF(AND(I758="Rename",J758=""),"type the new name",IF(AND(L758<>"",L758<>"(decide)",COUNTIF($L$2:$L$1680,L758)>1),"SAME FINAL NAME AS ANOTHER ROW",""))) | N758: 1
A759: 758 | B759: Boxes | C759: FD cast box | D759: 1/2" FD cast box | E759: (unchanged) | G759: — | H759: Shipped | I759: Keep | L759: =IF(I759="Cut","",IF(I759="Your call","(decide)",IF(I759="Rename",J759,IF(I759="Keep",IF(D759="",E759,D759),IF(E759="(unchanged)",D759,E759))))) | M759: =IF(AND(I759="Cut",N759>0,K759=""),"USED: say what replaces it (Note)",IF(AND(I759="Rename",J759=""),"type the new name",IF(AND(L759<>"",L759<>"(decide)",COUNTIF($L$2:$L$1680,L759)>1),"SAME FINAL NAME AS ANOTHER ROW",""))) | N759: 0
A760: 759 | B760: Boxes | C760: FD cast box | D760: 3/4" FD cast box | E760: (unchanged) | G760: — | H760: Shipped | I760: Keep | L760: =IF(I760="Cut","",IF(I760="Your call","(decide)",IF(I760="Rename",J760,IF(I760="Keep",IF(D760="",E760,D760),IF(E760="(unchanged)",D760,E760))))) | M760: =IF(AND(I760="Cut",N760>0,K760=""),"USED: say what replaces it (Note)",IF(AND(I760="Rename",J760=""),"type the new name",IF(AND(L760<>"",L760<>"(decide)",COUNTIF($L$2:$L$1680,L760)>1),"SAME FINAL NAME AS ANOTHER ROW",""))) | N760: 0
A761: 760 | B761: Boxes | C761: FD cast box | D761: 1" FD cast box | E761: (unchanged) | G761: — | H761: Shipped | I761: Keep | L761: =IF(I761="Cut","",IF(I761="Your call","(decide)",IF(I761="Rename",J761,IF(I761="Keep",IF(D761="",E761,D761),IF(E761="(unchanged)",D761,E761))))) | M761: =IF(AND(I761="Cut",N761>0,K761=""),"USED: say what replaces it (Note)",IF(AND(I761="Rename",J761=""),"type the new name",IF(AND(L761<>"",L761<>"(decide)",COUNTIF($L$2:$L$1680,L761)>1),"SAME FINAL NAME AS ANOTHER ROW",""))) | N761: 0
A762: 761 | B762: Boxes | D762: Floor box | E762: (unchanged) | G762: 1 starter | H762: Shipped | I762: Keep | L762: =IF(I762="Cut","",IF(I762="Your call","(decide)",IF(I762="Rename",J762,IF(I762="Keep",IF(D762="",E762,D762),IF(E762="(unchanged)",D762,E762))))) | M762: =IF(AND(I762="Cut",N762>0,K762=""),"USED: say what replaces it (Note)",IF(AND(I762="Rename",J762=""),"type the new name",IF(AND(L762<>"",L762<>"(decide)",COUNTIF($L$2:$L$1680,L762)>1),"SAME FINAL NAME AS ANOTHER ROW",""))) | N762: 1
A763: 762 | B763: Boxes | D763: Floor box cover | E763: (unchanged) | G763: 1 starter | H763: Shipped | I763: Keep | L763: =IF(I763="Cut","",IF(I763="Your call","(decide)",IF(I763="Rename",J763,IF(I763="Keep",IF(D763="",E763,D763),IF(E763="(unchanged)",D763,E763))))) | M763: =IF(AND(I763="Cut",N763>0,K763=""),"USED: say what replaces it (Note)",IF(AND(I763="Rename",J763=""),"type the new name",IF(AND(L763<>"",L763<>"(decide)",COUNTIF($L$2:$L$1680,L763)>1),"SAME FINAL NAME AS ANOTHER ROW",""))) | N763: 1
A764: 763 | B764: Boxes | C764: FS cast box | D764: 1/2" FS cast box | E764: (unchanged) | G764: — | H764: Shipped | I764: Keep | L764: =IF(I764="Cut","",IF(I764="Your call","(decide)",IF(I764="Rename",J764,IF(I764="Keep",IF(D764="",E764,D764),IF(E764="(unchanged)",D764,E764))))) | M764: =IF(AND(I764="Cut",N764>0,K764=""),"USED: say what replaces it (Note)",IF(AND(I764="Rename",J764=""),"type the new name",IF(AND(L764<>"",L764<>"(decide)",COUNTIF($L$2:$L$1680,L764)>1),"SAME FINAL NAME AS ANOTHER ROW",""))) | N764: 0
A765: 764 | B765: Boxes | C765: FS cast box | D765: 3/4" FS cast box | E765: (unchanged) | G765: — | H765: Shipped | I765: Keep | L765: =IF(I765="Cut","",IF(I765="Your call","(decide)",IF(I765="Rename",J765,IF(I765="Keep",IF(D765="",E765,D765),IF(E765="(unchanged)",D765,E765))))) | M765: =IF(AND(I765="Cut",N765>0,K765=""),"USED: say what replaces it (Note)",IF(AND(I765="Rename",J765=""),"type the new name",IF(AND(L765<>"",L765<>"(decide)",COUNTIF($L$2:$L$1680,L765)>1),"SAME FINAL NAME AS ANOTHER ROW",""))) | N765: 0
A766: 765 | B766: Boxes | C766: FS cast box | D766: 1" FS cast box | E766: (unchanged) | G766: — | H766: Shipped | I766: Keep | L766: =IF(I766="Cut","",IF(I766="Your call","(decide)",IF(I766="Rename",J766,IF(I766="Keep",IF(D766="",E766,D766),IF(E766="(unchanged)",D766,E766))))) | M766: =IF(AND(I766="Cut",N766>0,K766=""),"USED: say what replaces it (Note)",IF(AND(I766="Rename",J766=""),"type the new name",IF(AND(L766<>"",L766<>"(decide)",COUNTIF($L$2:$L$1680,L766)>1),"SAME FINAL NAME AS ANOTHER ROW",""))) | N766: 0
A767: 766 | B767: Boxes | C767: FS cast box, 2-gang | D767: 1/2" FS cast box, 2-gang | E767: (unchanged) | G767: — | H767: Shipped | I767: Keep | L767: =IF(I767="Cut","",IF(I767="Your call","(decide)",IF(I767="Rename",J767,IF(I767="Keep",IF(D767="",E767,D767),IF(E767="(unchanged)",D767,E767))))) | M767: =IF(AND(I767="Cut",N767>0,K767=""),"USED: say what replaces it (Note)",IF(AND(I767="Rename",J767=""),"type the new name",IF(AND(L767<>"",L767<>"(decide)",COUNTIF($L$2:$L$1680,L767)>1),"SAME FINAL NAME AS ANOTHER ROW",""))) | N767: 0
A768: 767 | B768: Boxes | C768: FS cast box, 2-gang | D768: 3/4" FS cast box, 2-gang | E768: (unchanged) | G768: — | H768: Shipped | I768: Keep | L768: =IF(I768="Cut","",IF(I768="Your call","(decide)",IF(I768="Rename",J768,IF(I768="Keep",IF(D768="",E768,D768),IF(E768="(unchanged)",D768,E768))))) | M768: =IF(AND(I768="Cut",N768>0,K768=""),"USED: say what replaces it (Note)",IF(AND(I768="Rename",J768=""),"type the new name",IF(AND(L768<>"",L768<>"(decide)",COUNTIF($L$2:$L$1680,L768)>1),"SAME FINAL NAME AS ANOTHER ROW",""))) | N768: 0
A769: 768 | B769: Boxes | D769: Handy box | E769: (unchanged) | G769: 2 starters | H769: Shipped | I769: Keep | L769: =IF(I769="Cut","",IF(I769="Your call","(decide)",IF(I769="Rename",J769,IF(I769="Keep",IF(D769="",E769,D769),IF(E769="(unchanged)",D769,E769))))) | M769: =IF(AND(I769="Cut",N769>0,K769=""),"USED: say what replaces it (Note)",IF(AND(I769="Rename",J769=""),"type the new name",IF(AND(L769<>"",L769<>"(decide)",COUNTIF($L$2:$L$1680,L769)>1),"SAME FINAL NAME AS ANOTHER ROW",""))) | N769: 2
A770: 769 | B770: Boxes | D770: Handy box cover, blank | E770: (unchanged) | G770: — | H770: Shipped | I770: Keep | L770: =IF(I770="Cut","",IF(I770="Your call","(decide)",IF(I770="Rename",J770,IF(I770="Keep",IF(D770="",E770,D770),IF(E770="(unchanged)",D770,E770))))) | M770: =IF(AND(I770="Cut",N770>0,K770=""),"USED: say what replaces it (Note)",IF(AND(I770="Rename",J770=""),"type the new name",IF(AND(L770<>"",L770<>"(decide)",COUNTIF($L$2:$L$1680,L770)>1),"SAME FINAL NAME AS ANOTHER ROW",""))) | N770: 0
A771: 770 | B771: Boxes | D771: Handy box cover, decorator | E771: (unchanged) | G771: — | H771: Shipped | I771: Keep | L771: =IF(I771="Cut","",IF(I771="Your call","(decide)",IF(I771="Rename",J771,IF(I771="Keep",IF(D771="",E771,D771),IF(E771="(unchanged)",D771,E771))))) | M771: =IF(AND(I771="Cut",N771>0,K771=""),"USED: say what replaces it (Note)",IF(AND(I771="Rename",J771=""),"type the new name",IF(AND(L771<>"",L771<>"(decide)",COUNTIF($L$2:$L$1680,L771)>1),"SAME FINAL NAME AS ANOTHER ROW",""))) | N771: 0
A772: 771 | B772: Boxes | D772: Handy box cover, duplex | E772: (unchanged) | G772: — | H772: Shipped | I772: Keep | L772: =IF(I772="Cut","",IF(I772="Your call","(decide)",IF(I772="Rename",J772,IF(I772="Keep",IF(D772="",E772,D772),IF(E772="(unchanged)",D772,E772))))) | M772: =IF(AND(I772="Cut",N772>0,K772=""),"USED: say what replaces it (Note)",IF(AND(I772="Rename",J772=""),"type the new name",IF(AND(L772<>"",L772<>"(decide)",COUNTIF($L$2:$L$1680,L772)>1),"SAME FINAL NAME AS ANOTHER ROW",""))) | N772: 0
A773: 772 | B773: Boxes | D773: Handy box cover, single toggle | E773: (unchanged) | G773: 2 starters | H773: Shipped | I773: Keep | L773: =IF(I773="Cut","",IF(I773="Your call","(decide)",IF(I773="Rename",J773,IF(I773="Keep",IF(D773="",E773,D773),IF(E773="(unchanged)",D773,E773))))) | M773: =IF(AND(I773="Cut",N773>0,K773=""),"USED: say what replaces it (Note)",IF(AND(I773="Rename",J773=""),"type the new name",IF(AND(L773<>"",L773<>"(decide)",COUNTIF($L$2:$L$1680,L773)>1),"SAME FINAL NAME AS ANOTHER ROW",""))) | N773: 2
A774: 773 | B774: Boxes | D774: Low-voltage mud ring | E774: (unchanged) | G774: 4 starters | H774: Shipped | I774: Keep | L774: =IF(I774="Cut","",IF(I774="Your call","(decide)",IF(I774="Rename",J774,IF(I774="Keep",IF(D774="",E774,D774),IF(E774="(unchanged)",D774,E774))))) | M774: =IF(AND(I774="Cut",N774>0,K774=""),"USED: say what replaces it (Note)",IF(AND(I774="Rename",J774=""),"type the new name",IF(AND(L774<>"",L774<>"(decide)",COUNTIF($L$2:$L$1680,L774)>1),"SAME FINAL NAME AS ANOTHER ROW",""))) | N774: 4
A775: 774 | B775: Boxes | D775: Masonry box, double-gang | E775: (unchanged) | G775: — | H775: Shipped | I775: Keep | L775: =IF(I775="Cut","",IF(I775="Your call","(decide)",IF(I775="Rename",J775,IF(I775="Keep",IF(D775="",E775,D775),IF(E775="(unchanged)",D775,E775))))) | M775: =IF(AND(I775="Cut",N775>0,K775=""),"USED: say what replaces it (Note)",IF(AND(I775="Rename",J775=""),"type the new name",IF(AND(L775<>"",L775<>"(decide)",COUNTIF($L$2:$L$1680,L775)>1),"SAME FINAL NAME AS ANOTHER ROW",""))) | N775: 0
A776: 775 | B776: Boxes | D776: Masonry box, single-gang | E776: (unchanged) | G776: — | H776: Shipped | I776: Keep | L776: =IF(I776="Cut","",IF(I776="Your call","(decide)",IF(I776="Rename",J776,IF(I776="Keep",IF(D776="",E776,D776),IF(E776="(unchanged)",D776,E776))))) | M776: =IF(AND(I776="Cut",N776>0,K776=""),"USED: say what replaces it (Note)",IF(AND(I776="Rename",J776=""),"type the new name",IF(AND(L776<>"",L776<>"(decide)",COUNTIF($L$2:$L$1680,L776)>1),"SAME FINAL NAME AS ANOTHER ROW",""))) | N776: 0
A777: 776 | B777: Boxes | D777: Masonry box, triple-gang | E777: (unchanged) | G777: — | H777: Shipped | I777: Keep | L777: =IF(I777="Cut","",IF(I777="Your call","(decide)",IF(I777="Rename",J777,IF(I777="Keep",IF(D777="",E777,D777),IF(E777="(unchanged)",D777,E777))))) | M777: =IF(AND(I777="Cut",N777>0,K777=""),"USED: say what replaces it (Note)",IF(AND(I777="Rename",J777=""),"type the new name",IF(AND(L777<>"",L777<>"(decide)",COUNTIF($L$2:$L$1680,L777)>1),"SAME FINAL NAME AS ANOTHER ROW",""))) | N777: 0
A778: 777 | B778: Boxes | C778: nail plate | D778: 1-1/2" nail plate | E778: (unchanged) | G778: — | H778: Shipped | I778: Keep | L778: =IF(I778="Cut","",IF(I778="Your call","(decide)",IF(I778="Rename",J778,IF(I778="Keep",IF(D778="",E778,D778),IF(E778="(unchanged)",D778,E778))))) | M778: =IF(AND(I778="Cut",N778>0,K778=""),"USED: say what replaces it (Note)",IF(AND(I778="Rename",J778=""),"type the new name",IF(AND(L778<>"",L778<>"(decide)",COUNTIF($L$2:$L$1680,L778)>1),"SAME FINAL NAME AS ANOTHER ROW",""))) | N778: 0
A779: 778 | B779: Boxes | C779: nail plate | D779: 3" nail plate | E779: (unchanged) | G779: — | H779: Shipped | I779: Keep | L779: =IF(I779="Cut","",IF(I779="Your call","(decide)",IF(I779="Rename",J779,IF(I779="Keep",IF(D779="",E779,D779),IF(E779="(unchanged)",D779,E779))))) | M779: =IF(AND(I779="Cut",N779>0,K779=""),"USED: say what replaces it (Note)",IF(AND(I779="Rename",J779=""),"type the new name",IF(AND(L779<>"",L779<>"(decide)",COUNTIF($L$2:$L$1680,L779)>1),"SAME FINAL NAME AS ANOTHER ROW",""))) | N779: 0
A780: 779 | B780: Boxes | C780: nail plate | D780: 5" nail plate | E780: (unchanged) | G780: — | H780: Shipped | I780: Keep | L780: =IF(I780="Cut","",IF(I780="Your call","(decide)",IF(I780="Rename",J780,IF(I780="Keep",IF(D780="",E780,D780),IF(E780="(unchanged)",D780,E780))))) | M780: =IF(AND(I780="Cut",N780>0,K780=""),"USED: say what replaces it (Note)",IF(AND(I780="Rename",J780=""),"type the new name",IF(AND(L780<>"",L780<>"(decide)",COUNTIF($L$2:$L$1680,L780)>1),"SAME FINAL NAME AS ANOTHER ROW",""))) | N780: 0
A781: 780 | B781: Boxes | D781: Octagon box, metal | E781: (unchanged) | G781: 1 starter | H781: Shipped | I781: Keep | L781: =IF(I781="Cut","",IF(I781="Your call","(decide)",IF(I781="Rename",J781,IF(I781="Keep",IF(D781="",E781,D781),IF(E781="(unchanged)",D781,E781))))) | M781: =IF(AND(I781="Cut",N781>0,K781=""),"USED: say what replaces it (Note)",IF(AND(I781="Rename",J781=""),"type the new name",IF(AND(L781<>"",L781<>"(decide)",COUNTIF($L$2:$L$1680,L781)>1),"SAME FINAL NAME AS ANOTHER ROW",""))) | N781: 1
A782: 781 | B782: Boxes | D782: Octagon box, metal, 2-1/8" deep | E782: (unchanged) | G782: — | H782: Shipped | I782: Keep | L782: =IF(I782="Cut","",IF(I782="Your call","(decide)",IF(I782="Rename",J782,IF(I782="Keep",IF(D782="",E782,D782),IF(E782="(unchanged)",D782,E782))))) | M782: =IF(AND(I782="Cut",N782>0,K782=""),"USED: say what replaces it (Note)",IF(AND(I782="Rename",J782=""),"type the new name",IF(AND(L782<>"",L782<>"(decide)",COUNTIF($L$2:$L$1680,L782)>1),"SAME FINAL NAME AS ANOTHER ROW",""))) | N782: 0
A783: 782 | B783: Boxes | D783: Octagon box, plastic | E783: (unchanged) | G783: 4 starters | H783: Shipped | I783: Keep | L783: =IF(I783="Cut","",IF(I783="Your call","(decide)",IF(I783="Rename",J783,IF(I783="Keep",IF(D783="",E783,D783),IF(E783="(unchanged)",D783,E783))))) | M783: =IF(AND(I783="Cut",N783>0,K783=""),"USED: say what replaces it (Note)",IF(AND(I783="Rename",J783=""),"type the new name",IF(AND(L783<>"",L783<>"(decide)",COUNTIF($L$2:$L$1680,L783)>1),"SAME FINAL NAME AS ANOTHER ROW",""))) | N783: 4
A784: 783 | B784: Boxes | D784: Old-work ceiling box | E784: (unchanged) | G784: — | H784: Shipped | I784: Keep | L784: =IF(I784="Cut","",IF(I784="Your call","(decide)",IF(I784="Rename",J784,IF(I784="Keep",IF(D784="",E784,D784),IF(E784="(unchanged)",D784,E784))))) | M784: =IF(AND(I784="Cut",N784>0,K784=""),"USED: say what replaces it (Note)",IF(AND(I784="Rename",J784=""),"type the new name",IF(AND(L784<>"",L784<>"(decide)",COUNTIF($L$2:$L$1680,L784)>1),"SAME FINAL NAME AS ANOTHER ROW",""))) | N784: 0
A785: 784 | B785: Boxes | D785: Panel knockout seal | E785: (unchanged) | G785: 2 starters | H785: Shipped | I785: Keep | L785: =IF(I785="Cut","",IF(I785="Your call","(decide)",IF(I785="Rename",J785,IF(I785="Keep",IF(D785="",E785,D785),IF(E785="(unchanged)",D785,E785))))) | M785: =IF(AND(I785="Cut",N785>0,K785=""),"USED: say what replaces it (Note)",IF(AND(I785="Rename",J785=""),"type the new name",IF(AND(L785<>"",L785<>"(decide)",COUNTIF($L$2:$L$1680,L785)>1),"SAME FINAL NAME AS ANOTHER ROW",""))) | N785: 2
A786: 785 | B786: Boxes | C786: pull box | D786: 4x4 pull box | E786: (unchanged) | G786: — | H786: Shipped | I786: Keep | L786: =IF(I786="Cut","",IF(I786="Your call","(decide)",IF(I786="Rename",J786,IF(I786="Keep",IF(D786="",E786,D786),IF(E786="(unchanged)",D786,E786))))) | M786: =IF(AND(I786="Cut",N786>0,K786=""),"USED: say what replaces it (Note)",IF(AND(I786="Rename",J786=""),"type the new name",IF(AND(L786<>"",L786<>"(decide)",COUNTIF($L$2:$L$1680,L786)>1),"SAME FINAL NAME AS ANOTHER ROW",""))) | N786: 0
A787: 786 | B787: Boxes | C787: pull box | D787: 6x6 pull box | E787: (unchanged) | G787: 1 starter | H787: Shipped | I787: Keep | L787: =IF(I787="Cut","",IF(I787="Your call","(decide)",IF(I787="Rename",J787,IF(I787="Keep",IF(D787="",E787,D787),IF(E787="(unchanged)",D787,E787))))) | M787: =IF(AND(I787="Cut",N787>0,K787=""),"USED: say what replaces it (Note)",IF(AND(I787="Rename",J787=""),"type the new name",IF(AND(L787<>"",L787<>"(decide)",COUNTIF($L$2:$L$1680,L787)>1),"SAME FINAL NAME AS ANOTHER ROW",""))) | N787: 1
A788: 787 | B788: Boxes | C788: pull box | D788: 8x8 pull box | E788: (unchanged) | G788: — | H788: Shipped | I788: Keep | L788: =IF(I788="Cut","",IF(I788="Your call","(decide)",IF(I788="Rename",J788,IF(I788="Keep",IF(D788="",E788,D788),IF(E788="(unchanged)",D788,E788))))) | M788: =IF(AND(I788="Cut",N788>0,K788=""),"USED: say what replaces it (Note)",IF(AND(I788="Rename",J788=""),"type the new name",IF(AND(L788<>"",L788<>"(decide)",COUNTIF($L$2:$L$1680,L788)>1),"SAME FINAL NAME AS ANOTHER ROW",""))) | N788: 0
A789: 788 | B789: Boxes | C789: pull box | D789: 12x12 pull box | E789: (unchanged) | G789: 1 starter | H789: Shipped | I789: Keep | L789: =IF(I789="Cut","",IF(I789="Your call","(decide)",IF(I789="Rename",J789,IF(I789="Keep",IF(D789="",E789,D789),IF(E789="(unchanged)",D789,E789))))) | M789: =IF(AND(I789="Cut",N789>0,K789=""),"USED: say what replaces it (Note)",IF(AND(I789="Rename",J789=""),"type the new name",IF(AND(L789<>"",L789<>"(decide)",COUNTIF($L$2:$L$1680,L789)>1),"SAME FINAL NAME AS ANOTHER ROW",""))) | N789: 1
A790: 789 | B790: Boxes | C790: pull box | D790: 16x16 pull box | E790: (unchanged) | G790: — | H790: Shipped | I790: Keep | L790: =IF(I790="Cut","",IF(I790="Your call","(decide)",IF(I790="Rename",J790,IF(I790="Keep",IF(D790="",E790,D790),IF(E790="(unchanged)",D790,E790))))) | M790: =IF(AND(I790="Cut",N790>0,K790=""),"USED: say what replaces it (Note)",IF(AND(I790="Rename",J790=""),"type the new name",IF(AND(L790<>"",L790<>"(decide)",COUNTIF($L$2:$L$1680,L790)>1),"SAME FINAL NAME AS ANOTHER ROW",""))) | N790: 0
...

Sheet Missing
A1: Source | B1: Category | C1: Item | D1: Why it is listed | E1: Decision | F1: Your name | G1: Note
A2: Starter | C2: Surface raceway, 10 ft | D2: needed by "Surface raceway receptacle (block wall)" (DV34), which is held until it exists | E2: Skip | G2: Covered by the waiting Surface Raceway rows (base/cover 500 and 700 series, 1500 series). DV34's recipe must be pointed at those names when they are added.
A3: Starter | C3: Surface raceway device box | D3: needed by "Surface raceway receptacle (block wall)" (DV34), which is held until it exists | E3: Skip | G3: Covered by the waiting "Raceway device box, 1-gang".
A4: Starter | C4: Surface raceway cover plate | D4: needed by "Surface raceway receptacle (block wall)" (DV34), which is held until it exists | E4: Skip | G4: A standard wall plate fits the raceway device box.
A5: Starter | C5: Surface raceway entrance fitting | D5: needed by "Surface raceway receptacle (block wall)" (DV34), which is held until it exists | E5: Skip | G5: Covered by the waiting "Raceway entrance end fitting".
A6: Size gap | B6: Wire & Cable | C6: #3 XHHW Aluminum | D6: XHHW AL comes in sizes either side of #3 | E6: Add | G6: Owner 2026-10-07: add it back — same style as the other aluminum sizes.
A7: Size gap | B7: Wire & Cable | C7: #3 bare stranded Copper | D7: bare CU, stranded comes in sizes either side of #3 | E7: Skip | G7: #4 and #2 bare are the grounding sizes used.
A8: Size gap | B8: Wire & Cable | C8: #1 bare stranded Copper | D8: bare CU, stranded comes in sizes either side of #1 | E8: Skip | G8: Rare on small commercial work.
A9: Size gap | B9: Conduit Fittings | C9: 3-1/2" EMT 90-degree elbow | D9: EMT 90-degree elbow comes in sizes either side of 3-1/2" | E9: Add | G9: 3-1/2" EMT is being added (pricing sheet); a run needs its elbows.
A10: Size gap | B10: Conduit Fittings | C10: 3-1/2" EMT 45-degree elbow | D10: EMT 45-degree elbow comes in sizes either side of 3-1/2" | E10: Add | G10: As the 90.
A11: Size gap | B11: Conduit Fittings | C11: 3-1/2" EMT LB conduit body | D11: EMT LB conduit body comes in sizes either side of 3-1/2" | E11: Skip | G11: The waiting "Conduit body, 3-1/2" LB" already adds it.
A12: Size gap | B12: Conduit Fittings | C12: 3-1/2" EMT T conduit body | D12: EMT T conduit body comes in sizes either side of 3-1/2" | E12: Skip | G12: 3-1/2" in a type that is not being added (Sch 80, rigid, IMC, compression/raintight, other conduit bodies, 45 sweeps, weatherheads), a sized nail plate (not sold by trade size), or a 5" duct part (4" and 6" are the sizes used).
A13: Size gap | B13: Conduit Fittings | C13: 3-1/2" EMT LL conduit body | D13: EMT LL conduit body comes in sizes either side of 3-1/2" | E13: Skip | G13: 3-1/2" in a type that is not being added (Sch 80, rigid, IMC, compression/raintight, other conduit bodies, 45 sweeps, weatherheads), a sized nail plate (not sold by trade size), or a 5" duct part (4" and 6" are the sizes used).
A14: Size gap | B14: Conduit Fittings | C14: 3-1/2" EMT LR conduit body | D14: EMT LR conduit body comes in sizes either side of 3-1/2" | E14: Skip | G14: 3-1/2" in a type that is not being added (Sch 80, rigid, IMC, compression/raintight, other conduit bodies, 45 sweeps, weatherheads), a sized nail plate (not sold by trade size), or a 5" duct part (4" and 6" are the sizes used).
A15: Size gap | B15: Conduit Fittings | C15: 3-1/2" EMT C conduit body | D15: EMT C conduit body comes in sizes either side of 3-1/2" | E15: Skip | G15: 3-1/2" in a type that is not being added (Sch 80, rigid, IMC, compression/raintight, other conduit bodies, 45 sweeps, weatherheads), a sized nail plate (not sold by trade size), or a 5" duct part (4" and 6" are the sizes used).
A16: Size gap | B16: Conduit Fittings | C16: 3-1/2" EMT set-screw connector | D16: EMT set-screw connector comes in sizes either side of 3-1/2" | E16: Skip | G16: The waiting "3-1/2" EMT connector" already adds it.
A17: Size gap | B17: Conduit Fittings | C17: 3-1/2" EMT set-screw coupling | D17: EMT set-screw coupling comes in sizes either side of 3-1/2" | E17: Skip | G17: The waiting "3-1/2" EMT coupling" already adds it.
... A86: Size gap | B86: Equipment & Appliances | C86: 5" insulated flex duct | D86: insulated flex duct comes in sizes either side of 5" | E86: Skip | G86: 3-1/2" in a type that is not being added (Sch 80, rigid, IMC, compression/raintight, other conduit bodies, 45 sweeps, weatherheads), a sized nail plate (not sold by trade size), or a 5" duct part (4" and 6" are the sizes used).
A87: Typical job | B87: Wire & Cable | C87: 12/2 MC cable with 16/2 dimming | D87: lighting retrofit: 0-10V fixtures are fed with MC carrying a dimming pair | E87: Add
A88: Typical job | B88: Wire & Cable | C88: 12/2 MC-AP cable | D88: small office TI: aluminum-armor MC with a bonding wire is the common TI cable | E88: Add
A89: Typical job | B89: Wire & Cable | C89: 18/2 shielded fire alarm cable, FPLP | D89: small office TI: plenum fire-alarm cable above lay-in ceilings (14-2 and 16-2 are listed, 18/2 is not) | E89: Add
A90: Typical job | B90: Low Voltage | C90: Cat6 plenum cable | D90: small office TI: data drops above a return-air ceiling must be plenum (CMP); plain Cat6 only lists "plenum" as a search word | E90: Add
A91: Typical job | B91: Conduit Fittings | C91: 1/2" EMT insulated set-screw connector | D91: small office TI: insulated-throat connectors are spec'd on most TI jobs | E91: Add
A92: Typical job | B92: Conduit Fittings | C92: 1/2" EMT to FMC transition coupling | D92: small office TI: EMT drops changing to flex at the fixture | E92: Add
A93: Typical job | B93: Conduit | C93: 3/8" FMC (reduced wall) | D93: lighting retrofit: 3/8" flex is the usual fixture whip conduit | E93: Add
A94: Typical job | B94: Conduit Fittings | C94: 1/2" liquidtight 90-degree connector | D94: service upgrade: rooftop unit and condenser whips turn 90° at the unit | E94: Add
A95: Typical job | B95: Conduit Fittings | C95: 1/2" PVC female adapter | D95: service upgrade: PVC to a threaded fitting | E95: Add
A96: Typical job | B96: Conduit Fittings | C96: 1/2" PVC expansion fitting | D96: service upgrade: exposed outdoor PVC runs need expansion fittings | E96: Add
A97: Typical job | B97: Conduit Fittings | C97: 1/2" EMT offset connector | D97: Dollar Tree / retail retrofit: surface EMT into a box without bending an offset | E97: Add
A98: Typical job | B98: Strut & Supports | C98: T-bar box hanger | D98: small office TI: boxes in a lay-in grid hang from the T-bar (a grid clip and a fan bar hanger are listed, a box hanger is not) | E98: Add
... A101: Owner | B101: Panels | C101: 320A meter base | D101: Owner 2026-10-07: Track B's drafted recipe GR3 (320A/400A residential service) — the class-320 meter base with two 200A main breakers; 400A meter base stands in until it exists. | E101: Add
A102: Your row
A103: Your row
A104: Your row
A105: Your row
A106: Your row
A107: Your row
A108: Your row
A109: Your row
A110: Your row
A111: Your row
A112: Your row
A113: Your row
... A126: Your row

Sheet Possible duplicates
A1: A | B1: A is | C1: A used by | D1: B | E1: B is | F1: B used by | G1: Why they look the same | H1: Decision | I1: Note
A2: 2" mast roof flashing | B2: Shipped | C2: 1 starter | D2: Mast roof flashing | E2: New — not in catalog yet | F2: — | G2: same words; the new row names no size, the shipped one is 2" | H2: Same - keep A | I2: The new row is the shipped 2" part with its size left off.
A3: 2" riser strap | B3: Shipped | C3: 1 starter | D3: Riser strap, 2" | E3: New — not in catalog yet | F3: — | G3: same size and the same words (2"), spelled or ordered differently | H3: Same - keep A | I3: Owner, 2026-10-07.
A4: 4" wafer LED downlight | B4: Shipped | C4: 1 starter | D4: 4" canless LED downlight | E4: New — not in catalog yet | F4: — | G4: same size and the same words (4"), spelled or ordered differently | H4: Same - keep A | I4: Owner 2026-10-07: 4" and 6" as separate canless wafers. The shipped 4" is renamed "4" canless wafer LED downlight" (same row, starter LT8 follows) and is this part.
A5: 5"/6" wafer LED downlight | B5: Shipped | C5: 1 starter | D5: 5" canless LED downlight | E5: New — not in catalog yet | F5: — | G5: same words and size; one name also states 6" | H5: Not the same | I5: Owner 2026-10-07: do not fold. The shipped 5"/6" becomes the 6" item; a 5" is not used (this new row is not added — Review: Cut).
A6: 5"/6" wafer LED downlight | B6: Shipped | C6: 1 starter | D6: 6" canless LED downlight | E6: New — not in catalog yet | F6: — | G6: same words and size; one name also states 5" | H6: Same - keep A | I6: The shipped 5"/6" is RENAMED into "6" canless wafer LED downlight" (same row, so starter LT7 keeps pricing from it) — this new row would be a second 6".
A7: Ground rod, 10 ft | B7: Shipped | C7: — | D7: Ground rod, 3/4" x 10 ft | E7: Shipped | F7: — | G7: same words and size; one name also states 3/4" | H7: Not the same | I7: Owner 2026-10-07: three rods. 5/8" x 8 ft is the usual one; the plain 10 ft is renamed "Ground rod, 5/8" x 10 ft"; 3/4" x 10 ft stays.
A9: How these were found: 6 pair(s) from 1679 rows, matched on size, type, material and key words with spellings folded (1-pole = single pole = 1P; set screw = SS; CU = copper) and search words — and kept apart when a key word differs (set screw vs compression, 1-pole vs 2-pole, copper vs aluminum, EMT vs PVC, a different size or amperage).

Sheet Questions
A1: # | B1: Question | C1: Recommended | D1: Your answer | E1: Note
A2: Q2 | B2: SER cable: keep the full conductor set (e.g. 4/0-4/0-4/0-2/0) in the description and as a search word, with a check that no two SER rows share size + metal? And keep the two 3-conductor rows' full names? | C2: Yes | D2: Yes
A3: Q2d | B3: "3/4 MC cable Copper" (a #3 four-wire) reads like 3/4 inch. Write it "#3/4 MC cable Copper" instead? | C3: Yes, #3/4 | D3: Yes | E3: Use "#3/4" (owner).
A4: Q3 | B4: Once shipped prices are no longer $0: should a bid line priced from an example price SAY so on the bid and the quote, until you change that material's price? | C4: Yes | D4: Yes on my bid screen, not on the customer quote. Warn me before printing instead. | E4: Recorded: the tag shows on the bid screen only; the customer quote never shows it; printing warns first.
A5: Q4 | B5: Add "Copper" to the end of low-voltage cable names (not fiber)? Copper-clad (CCA) rows only if wanted. | C5: Yes | D5: Yes
A6: Q5 | B6: Hide the supplier-import button until its review screen (with undo) exists? Today an import writes at once and cannot be undone except by hand. | C6: Yes | D6: Yes

Sheet Counts
A1: Category | B1: Keep proposed | C1: Keep | D1: Rename | E1: Cut | F1: Add | G1: Your call
A2: Wire & Cable | B2: =COUNTIFS(Review!$B$2:$B$1680,$A2,Review!$I$2:$I$1680,"Keep proposed") | C2: =COUNTIFS(Review!$B$2:$B$1680,$A2,Review!$I$2:$I$1680,"Keep") | D2: =COUNTIFS(Review!$B$2:$B$1680,$A2,Review!$I$2:$I$1680,"Rename") | E2: =COUNTIFS(Review!$B$2:$B$1680,$A2,Review!$I$2:$I$1680,"Cut") | F2: =COUNTIFS(Review!$B$2:$B$1680,$A2,Review!$I$2:$I$1680,"Add") | G2: =COUNTIFS(Review!$B$2:$B$1680,$A2,Review!$I$2:$I$1680,"Your call")
A3: Conduit | B3: =COUNTIFS(Review!$B$2:$B$1680,$A3,Review!$I$2:$I$1680,"Keep proposed") | C3: =COUNTIFS(Review!$B$2:$B$1680,$A3,Review!$I$2:$I$1680,"Keep") | D3: =COUNTIFS(Review!$B$2:$B$1680,$A3,Review!$I$2:$I$1680,"Rename") | E3: =COUNTIFS(Review!$B$2:$B$1680,$A3,Review!$I$2:$I$1680,"Cut") | F3: =COUNTIFS(Review!$B$2:$B$1680,$A3,Review!$I$2:$I$1680,"Add") | G3: =COUNTIFS(Review!$B$2:$B$1680,$A3,Review!$I$2:$I$1680,"Your call")
A4: Conduit Fittings | B4: =COUNTIFS(Review!$B$2:$B$1680,$A4,Review!$I$2:$I$1680,"Keep proposed") | C4: =COUNTIFS(Review!$B$2:$B$1680,$A4,Review!$I$2:$I$1680,"Keep") | D4: =COUNTIFS(Review!$B$2:$B$1680,$A4,Review!$I$2:$I$1680,"Rename") | E4: =COUNTIFS(Review!$B$2:$B$1680,$A4,Review!$I$2:$I$1680,"Cut") | F4: =COUNTIFS(Review!$B$2:$B$1680,$A4,Review!$I$2:$I$1680,"Add") | G4: =COUNTIFS(Review!$B$2:$B$1680,$A4,Review!$I$2:$I$1680,"Your call")
A5: Boxes | B5: =COUNTIFS(Review!$B$2:$B$1680,$A5,Review!$I$2:$I$1680,"Keep proposed") | C5: =COUNTIFS(Review!$B$2:$B$1680,$A5,Review!$I$2:$I$1680,"Keep") | D5: =COUNTIFS(Review!$B$2:$B$1680,$A5,Review!$I$2:$I$1680,"Rename") | E5: =COUNTIFS(Review!$B$2:$B$1680,$A5,Review!$I$2:$I$1680,"Cut") | F5: =COUNTIFS(Review!$B$2:$B$1680,$A5,Review!$I$2:$I$1680,"Add") | G5: =COUNTIFS(Review!$B$2:$B$1680,$A5,Review!$I$2:$I$1680,"Your call")
A6: Receptacles | B6: =COUNTIFS(Review!$B$2:$B$1680,$A6,Review!$I$2:$I$1680,"Keep proposed") | C6: =COUNTIFS(Review!$B$2:$B$1680,$A6,Review!$I$2:$I$1680,"Keep") | D6: =COUNTIFS(Review!$B$2:$B$1680,$A6,Review!$I$2:$I$1680,"Rename") | E6: =COUNTIFS(Review!$B$2:$B$1680,$A6,Review!$I$2:$I$1680,"Cut") | F6: =COUNTIFS(Review!$B$2:$B$1680,$A6,Review!$I$2:$I$1680,"Add") | G6: =COUNTIFS(Review!$B$2:$B$1680,$A6,Review!$I$2:$I$1680,"Your call")
A7: Switches | B7: =COUNTIFS(Review!$B$2:$B$1680,$A7,Review!$I$2:$I$1680,"Keep proposed") | C7: =COUNTIFS(Review!$B$2:$B$1680,$A7,Review!$I$2:$I$1680,"Keep") | D7: =COUNTIFS(Review!$B$2:$B$1680,$A7,Review!$I$2:$I$1680,"Rename") | E7: =COUNTIFS(Review!$B$2:$B$1680,$A7,Review!$I$2:$I$1680,"Cut") | F7: =COUNTIFS(Review!$B$2:$B$1680,$A7,Review!$I$2:$I$1680,"Add") | G7: =COUNTIFS(Review!$B$2:$B$1680,$A7,Review!$I$2:$I$1680,"Your call")
A8: Wall Plates & Misc | B8: =COUNTIFS(Review!$B$2:$B$1680,$A8,Review!$I$2:$I$1680,"Keep proposed") | C8: =COUNTIFS(Review!$B$2:$B$1680,$A8,Review!$I$2:$I$1680,"Keep") | D8: =COUNTIFS(Review!$B$2:$B$1680,$A8,Review!$I$2:$I$1680,"Rename") | E8: =COUNTIFS(Review!$B$2:$B$1680,$A8,Review!$I$2:$I$1680,"Cut") | F8: =COUNTIFS(Review!$B$2:$B$1680,$A8,Review!$I$2:$I$1680,"Add") | G8: =COUNTIFS(Review!$B$2:$B$1680,$A8,Review!$I$2:$I$1680,"Your call")
A9: Panels | B9: =COUNTIFS(Review!$B$2:$B$1680,$A9,Review!$I$2:$I$1680,"Keep proposed") | C9: =COUNTIFS(Review!$B$2:$B$1680,$A9,Review!$I$2:$I$1680,"Keep") | D9: =COUNTIFS(Review!$B$2:$B$1680,$A9,Review!$I$2:$I$1680,"Rename") | E9: =COUNTIFS(Review!$B$2:$B$1680,$A9,Review!$I$2:$I$1680,"Cut") | F9: =COUNTIFS(Review!$B$2:$B$1680,$A9,Review!$I$2:$I$1680,"Add") | G9: =COUNTIFS(Review!$B$2:$B$1680,$A9,Review!$I$2:$I$1680,"Your call")
A10: Breakers | B10: =COUNTIFS(Review!$B$2:$B$1680,$A10,Review!$I$2:$I$1680,"Keep proposed") | C10: =COUNTIFS(Review!$B$2:$B$1680,$A10,Review!$I$2:$I$1680,"Keep") | D10: =COUNTIFS(Review!$B$2:$B$1680,$A10,Review!$I$2:$I$1680,"Rename") | E10: =COUNTIFS(Review!$B$2:$B$1680,$A10,Review!$I$2:$I$1680,"Cut") | F10: =COUNTIFS(Review!$B$2:$B$1680,$A10,Review!$I$2:$I$1680,"Add") | G10: =COUNTIFS(Review!$B$2:$B$1680,$A10,Review!$I$2:$I$1680,"Your call")
A11: Lighting Hardware | B11: =COUNTIFS(Review!$B$2:$B$1680,$A11,Review!$I$2:$I$1680,"Keep proposed") | C11: =COUNTIFS(Review!$B$2:$B$1680,$A11,Review!$I$2:$I$1680,"Keep") | D11: =COUNTIFS(Review!$B$2:$B$1680,$A11,Review!$I$2:$I$1680,"Rename") | E11: =COUNTIFS(Review!$B$2:$B$1680,$A11,Review!$I$2:$I$1680,"Cut") | F11: =COUNTIFS(Review!$B$2:$B$1680,$A11,Review!$I$2:$I$1680,"Add") | G11: =COUNTIFS(Review!$B$2:$B$1680,$A11,Review!$I$2:$I$1680,"Your call")
A12: Grounding & Bonding | B12: =COUNTIFS(Review!$B$2:$B$1680,$A12,Review!$I$2:$I$1680,"Keep proposed") | C12: =COUNTIFS(Review!$B$2:$B$1680,$A12,Review!$I$2:$I$1680,"Keep") | D12: =COUNTIFS(Review!$B$2:$B$1680,$A12,Review!$I$2:$I$1680,"Rename") | E12: =COUNTIFS(Review!$B$2:$B$1680,$A12,Review!$I$2:$I$1680,"Cut") | F12: =COUNTIFS(Review!$B$2:$B$1680,$A12,Review!$I$2:$I$1680,"Add") | G12: =COUNTIFS(Review!$B$2:$B$1680,$A12,Review!$I$2:$I$1680,"Your call")
A13: Life Safety | B13: =COUNTIFS(Review!$B$2:$B$1680,$A13,Review!$I$2:$I$1680,"Keep proposed") | C13: =COUNTIFS(Review!$B$2:$B$1680,$A13,Review!$I$2:$I$1680,"Keep") | D13: =COUNTIFS(Review!$B$2:$B$1680,$A13,Review!$I$2:$I$1680,"Rename") | E13: =COUNTIFS(Review!$B$2:$B$1680,$A13,Review!$I$2:$I$1680,"Cut") | F13: =COUNTIFS(Review!$B$2:$B$1680,$A13,Review!$I$2:$I$1680,"Add") | G13: =COUNTIFS(Review!$B$2:$B$1680,$A13,Review!$I$2:$I$1680,"Your call")
... A23: Service Entrance | B23: =COUNTIFS(Review!$B$2:$B$1680,$A23,Review!$I$2:$I$1680,"Keep proposed") | C23: =COUNTIFS(Review!$B$2:$B$1680,$A23,Review!$I$2:$I$1680,"Keep") | D23: =COUNTIFS(Review!$B$2:$B$1680,$A23,Review!$I$2:$I$1680,"Rename") | E23: =COUNTIFS(Review!$B$2:$B$1680,$A23,Review!$I$2:$I$1680,"Cut") | F23: =COUNTIFS(Review!$B$2:$B$1680,$A23,Review!$I$2:$I$1680,"Add") | G23: =COUNTIFS(Review!$B$2:$B$1680,$A23,Review!$I$2:$I$1680,"Your call")
A24: Total | B24: =COUNTIF(Review!$I$2:$I$1680,"Keep proposed") | C24: =COUNTIF(Review!$I$2:$I$1680,"Keep") | D24: =COUNTIF(Review!$I$2:$I$1680,"Rename") | E24: =COUNTIF(Review!$I$2:$I$1680,"Cut") | F24: =COUNTIF(Review!$I$2:$I$1680,"Add") | G24: =COUNTIF(Review!$I$2:$I$1680,"Your call")
A26: Rows with the same final name (must be 0) | B26: =COUNTIF(Review!$M$2:$M$1680,"SAME FINAL NAME*")
A27: Cuts a starter still uses, no replacement named (must be 0) | B27: =COUNTIF(Review!$M$2:$M$1680,"USED*")
A28: Rows still 'Your call' (must be 0) | B28: =COUNTIF(Review!$I$2:$I$1680,"Your call")
A29: Possible duplicates not decided (must be 0) | B29: =6-COUNTIF('Possible duplicates'!$H$2:$H$7,"?*")
